[{"@type":"mappingTemplate","id":"@1","name":"Mapping_RESTV2","description":"","bundleVersion":"0","assetFrsGuid":"7X1NasqCvjJbsRnFhw2NOA","templateId":"@3","hasParameters":false,"valid":true,"fixedConnection":true,"hasParametersDeployed":false,"fixedConnectionDeployed":false,"isSchemaValidationEnabled":false,"tasks":0,"mappingPreviewFileRecordId":"@2","documentType":"MAPPING","references":[{"@type":"reference","refObjectId":"@a6Va9pAHKcQiUCpzo0tKkK","refType":"connection"},{"@type":"reference","refObjectId":"@kV8SsAPDWsJlOULBQesp6u","refType":"connection"}]}]